{
  "format_version": "1.12",
  "minecraft:recipe_shapeless": {
    "description": {
    "identifier": "minecraft:cyan_dye_from_lapis_lazuli"
    },

    
    "tags": [ "crafting_table" ],
    "priority": 1,
    "ingredients": [
      {
        "item": "minecraft:glass_bottle"
      },
      {
        "item": "minecraft:blaze_rod"
      },
      {
        "item": "minecraft:blaze_rod"
      },
      {
        "item": "minecraft:blaze_rod"
      }
    ],
    "result": {
      "item": "minecraft:light_block",
      "data": 10,
      "count": 6
    }
  }
}
